{
  "project_info": {
    "project_number": "836680155049",
    "firebase_url": "https://keepdriver-e731b.firebaseio.com",
    "project_id": "keepdriver-e731b",
    "storage_bucket": "keepdriver-e731b.appspot.com"
  },
  "client": [
    {
      "client_info": {
        "mobilesdk_app_id": "1:836680155049:android:a6a137546f98f9ef",
        "android_client_info": {
          "package_name": "com.example.abhinay.driver"
        }
      },
      "oauth_client": [
        {
          "client_id": "836680155049-3iavh563fh924n3i6ukcu7ervhvtgilh.apps.googleusercontent.com",
          "client_type": 3
        }
      ],
      "api_key": [
        {
          "current_key": "AIzaSyDWGsMm08Mb8kVzyjQDPn77p0Xxle0eB2U"
        }
      ],
      "services": {
        "analytics_service": {
          "status": 1
        },
        "appinvite_service": {
          "status": 1,
          "other_platform_oauth_client": []
        },
        "ads_service": {
          "status": 2
        }
      }
    }
  ],
  "configuration_version": "1"
}